"x","y","ylo","yhi"
"TTNtv",0.5251,-3.182218,4.2324277
"EtOH XS",-1.0871,-4.090527,1.9164177
"TTNtv*EtOH XS",-17.7026,-26.526776,-8.8783462
"Male gender",-1.8607,-4.104682,0.3832741
"LGE",-3.0573,-5.174136,-0.9404678
"FHx DCM",7.6372,4.721273,10.5531849
